gio_on,diem_giua_ky,qua_mon
5.5,3.0,0
19.0,6.0,1
14.0,7.7,0
11.0,3.1,0
10.5,5.8,1
23.5,8.2,1
27.0,8.0,1
5.5,5.6,0
19.5,5.4,1
9.0,3.4,0
29.0,9.2,1
27.5,8.5,1
19.0,8.1,0
22.5,6.9,1
15.5,7.9,1
25.0,6.6,1
13.5,3.6,0
10.0,1.5,0
8.5,2.7,0
7.0,5.3,1
16.0,3.4,0
13.0,4.4,0
20.0,9.4,1
0.5,4.4,0
13.5,7.8,0
11.0,3.3,0
6.0,0.3,0
18.0,8.2,1
13.0,3.0,1
9.0,4.6,1
6.5,4.4,0
26.0,5.7,1
24.0,9.2,1
18.0,8.2,1
10.5,5.5,1
28.5,7.5,1
17.0,6.0,0
13.0,3.4,0
27.0,7.0,1
9.5,4.4,0
21.0,5.1,1
9.5,5.8,0
8.0,2.1,0
21.0,5.7,1
7.0,0.7,0
15.0,6.1,1
17.5,6.9,1
5.5,4.8,0
22.0,10.0,1
16.5,7.0,1
18.5,4.5,1
11.0,8.8,1
12.5,3.6,0
15.0,6.6,1
14.0,6.4,1
20.5,5.0,1
17.5,7.9,1
12.5,5.5,1
0.0,3.9,0
24.0,5.8,1
15.5,7.4,1
10.0,3.3,1
15.0,2.7,1
3.0,5.6,0
27.0,6.7,1
29.5,7.8,1
2.0,6.2,0
10.5,6.4,1
22.0,7.5,1
9.5,6.1,0
17.0,4.6,1
12.5,6.1,1
23.0,8.3,1
29.0,8.8,1
26.5,6.9,1
18.5,0.3,0
5.0,4.6,0
28.5,7.7,1
0.5,2.5,0
9.0,5.6,0
8.5,4.8,0
20.0,6.5,1
14.5,3.1,0
3.0,1.3,0
0.5,3.6,0
18.0,6.0,1
14.5,5.5,0
18.0,6.1,1
17.0,6.3,1
26.5,7.3,1
27.5,7.6,1
5.5,4.3,0
28.5,9.0,1
23.5,6.0,1
19.0,7.2,1
20.0,7.2,1
16.5,5.8,1
27.5,6.7,1
7.0,4.7,0
18.0,7.2,1
24.5,5.3,1
4.0,3.7,0
18.5,6.1,1
12.0,3.9,0
23.0,5.8,1
2.0,1.0,0
18.0,4.2,1
25.5,4.8,1
19.0,5.1,1
9.5,3.7,0
19.5,5.3,1
10.0,5.2,0
20.0,5.9,1
4.0,2.5,0
8.5,3.3,0
1.0,1.5,0
2.5,3.1,0
16.5,5.3,1
7.0,6.6,0
15.5,7.8,1
